{
    "product": [
      {
        "id": "1",
        "pname": "A",
        "price": "25000",
        "image":"container1.jpg"
      },
      {
        "id": "2",
        "pname": "B",
        "price": "25000",
        "image":"container1.jpg"
      },{
        "id": "3",
        "pname": "A",
        "price": "25000",
        "image":"container1.jpg"
      },
      {
        "id": "4",
        "pname": "B",
        "price": "25000",
        "image":"container1.jpg"
      },{
        "id": "5",
        "pname": "A",
        "price": "25000",
        "image":"container1.jpg"
      },
      {
        "id": "6",
        "pname": "B",
        "price": "25000",
        "image":"container1.jpg"
      },
      {
        "id": "7",
        "pname": "A",
        "price": "25000",
        "image":"container1.jpg"
      },
      {
        "id": "8",
        "pname": "B",
        "price": "25000",
        "image":"container1.jpg"
      },{
        "id": "9",
        "pname": "A",
        "price": "25000",
        "image":"container1.jpg"
      },
      {
        "id": "10",
        "pname": "B",
        "price": "25000",
        "image":"container1.jpg"
      }
    ]
  }